{
  "version": 1,
  "width": 69,
  "height": 23,
  "duration": 29.330714,
  "command": null,
  "title": null,
  "env": {
    "TERM": "xterm-256color",
    "SHELL": "/usr/local/bin/zsh"
  },
  "stdout": [
    [
      0.236281,
      "\u001b]1337;RemoteHost=Esh@Eshins-MacBook-Pro.local\u0007\u001b]1337;CurrentDir=/Users/Esh\u0007\u001b]1337;ShellIntegrationVersion=5;shell=zsh\u0007"
    ],
    [
      0.006269,
      "\u001b[1m\u001b[7m%\u001b[27m\u001b[1m\u001b[0m                                                                    \r \r\u001b]2;Esh@Eshins-MacBook-Pro: ~\u0007\u001b]1;~\u0007"
    ],
    [
      2.4e-05,
      "\u001b]133;D;0\u0007\u001b]1337;RemoteHost=Esh@Eshins-MacBook-Pro.local\u0007\u001b]1337;CurrentDir=/Users/Esh\u0007"
    ],
    [
      0.016285,
      "\r\u001b[0m\u001b[27m\u001b[24m\u001b[J\u001b]133;A\u0007\u001b[33m~\u001b[00m \u001b]133;B\u0007\u001b[K"
    ],
    [
      9.1e-05,
      "\u001b[?1h\u001b="
    ],
    [
      3.9e-05,
      "\u001b[?2004h"
    ],
    [
      0.485733,
      "I"
    ],
    [
      0.216192,
      "\bIn"
    ],
    [
      0.096811,
      " "
    ],
    [
      0.190132,
      "a"
    ],
    [
      0.099905,
      "d"
    ],
    [
      0.144996,
      "d"
    ],
    [
      0.127982,
      "i"
    ],
    [
      0.138879,
      "t"
    ],
    [
      0.108088,
      "i"
    ],
    [
      0.079024,
      "o"
    ],
    [
      0.066983,
      "n"
    ],
    [
      0.072895,
      " "
    ],
    [
      0.124118,
      "t"
    ],
    [
      0.091972,
      "o"
    ],
    [
      0.115813,
      " "
    ],
    [
      0.096189,
      "m"
    ],
    [
      0.100111,
      "y"
    ],
    [
      0.078699,
      " "
    ],
    [
      0.139236,
      "p"
    ],
    [
      0.133988,
      "r"
    ],
    [
      0.322022,
      "i"
    ],
    [
      0.113996,
      "m"
    ],
    [
      0.116861,
      "a"
    ],
    [
      0.091088,
      "r"
    ],
    [
      0.201899,
      "y"
    ],
    [
      0.085082,
      " "
    ],
    [
      0.256094,
      "r"
    ],
    [
      0.126946,
      "e"
    ],
    [
      0.205996,
      "s"
    ],
    [
      0.117907,
      "e"
    ],
    [
      0.098141,
      "a"
    ],
    [
      0.086986,
      "r"
    ],
    [
      0.187874,
      "c"
    ],
    [
      0.138084,
      "h"
    ],
    [
      0.459052,
      ","
    ],
    [
      0.1187,
      " "
    ],
    [
      0.198269,
      "I"
    ],
    [
      0.060955,
      " "
    ],
    [
      0.146027,
      "a"
    ],
    [
      0.101974,
      "l"
    ],
    [
      0.157906,
      "s"
    ],
    [
      0.153178,
      "o"
    ],
    [
      0.263719,
      " "
    ],
    [
      0.297326,
      "r"
    ],
    [
      0.107887,
      "o"
    ],
    [
      0.119089,
      "u"
    ],
    [
      0.093807,
      "t"
    ],
    [
      0.136166,
      "i"
    ],
    [
      0.077938,
      "n"
    ],
    [
      0.099154,
      "e"
    ],
    [
      0.135913,
      "l"
    ],
    [
      0.137432,
      "y"
    ],
    [
      0.358526,
      ":"
    ],
    [
      0.478934,
      " "
    ],
    [
      0.495029,
      "\u001b[?2004l\r\r\n"
    ],
    [
      0.000699,
      "\u001b[1m\u001b[7m%\u001b[27m\u001b[1m\u001b[0m                                                                    \r \r"
    ],
    [
      0.000118,
      "\u001b]2;Esh@Eshins-MacBook-Pro: ~\u0007\u001b]1;~\u0007"
    ],
    [
      0.000116,
      "\u001b]133;C;\u0007\u001b]133;D;1\u0007"
    ],
    [
      8.2e-05,
      "\u001b]1337;RemoteHost=Esh@Eshins-MacBook-Pro.local\u0007\u001b]1337;CurrentDir=/Users/Esh\u0007"
    ],
    [
      0.014773,
      "\r\u001b[0m\u001b[27m\u001b[24m\u001b[J\u001b]133;A\u0007\u001b[33m~\u001b[00m \u001b]133;B\u0007\u001b[K"
    ],
    [
      6.3e-05,
      "\u001b[?1h\u001b="
    ],
    [
      3.9e-05,
      "\u001b[?2004h"
    ],
    [
      0.718181,
      "d"
    ],
    [
      0.113965,
      "\bde"
    ],
    [
      0.125028,
      "v"
    ],
    [
      0.095868,
      "e"
    ],
    [
      0.081102,
      "l"
    ],
    [
      0.213001,
      "o"
    ],
    [
      0.110991,
      "p"
    ],
    [
      0.512947,
      "\u001b[?2004l\r\r\n"
    ],
    [
      0.00052,
      "\u001b[1m\u001b[7m%\u001b[27m\u001b[1m\u001b[0m                                                                    \r \r"
    ],
    [
      0.000136,
      "\u001b]2;Esh@Eshins-MacBook-Pro: ~\u0007\u001b]1;~\u0007"
    ],
    [
      2.1e-05,
      "\u001b]133;C;\u0007"
    ],
    [
      2.8e-05,
      "\u001b]133;D;1\u0007"
    ],
    [
      1.6e-05,
      "\u001b]1337;RemoteHost=Esh@Eshins-MacBook-Pro.local\u0007\u001b]1337;CurrentDir=/Users/Esh\u0007"
    ],
    [
      0.014539,
      "\r\u001b[0m\u001b[27m\u001b[24m\u001b[J\u001b]133;A\u0007\u001b[33m~\u001b[00m \u001b]133;B\u0007\u001b[K"
    ],
    [
      5.3e-05,
      "\u001b[?1h\u001b="
    ],
    [
      2e-05,
      "\u001b[?2004h"
    ],
    [
      1.753816,
      "c"
    ],
    [
      0.116975,
      "\bco"
    ],
    [
      0.085905,
      "n"
    ],
    [
      0.102051,
      "t"
    ],
    [
      0.104979,
      "r"
    ],
    [
      0.10804,
      "i"
    ],
    [
      0.176955,
      "b"
    ],
    [
      0.078921,
      "u"
    ],
    [
      0.075138,
      "t"
    ],
    [
      0.107989,
      "e"
    ],
    [
      0.167839,
      " "
    ],
    [
      0.142142,
      "t"
    ],
    [
      0.104074,
      "o"
    ],
    [
      0.47967,
      "\u001b[?2004l\r\r\n"
    ],
    [
      0.000465,
      "\u001b[1m\u001b[7m%\u001b[27m\u001b[1m\u001b[0m                                                                    \r \r"
    ],
    [
      9.1e-05,
      "\u001b]2;Esh@Eshins-MacBook-Pro: ~\u0007\u001b]1;~\u0007"
    ],
    [
      7.2e-05,
      "\u001b]133;C;\u0007\u001b]133;D;1\u0007"
    ],
    [
      2.5e-05,
      "\u001b]1337;RemoteHost=Esh@Eshins-MacBook-Pro.local\u0007\u001b]1337;CurrentDir=/Users/Esh\u0007"
    ],
    [
      0.014582,
      "\r\u001b[0m\u001b[27m\u001b[24m\u001b[J\u001b]133;A\u0007\u001b[33m~\u001b[00m \u001b]133;B\u0007\u001b[K"
    ],
    [
      5.7e-05,
      "\u001b[?1h\u001b="
    ],
    [
      1.9e-05,
      "\u001b[?2004h"
    ],
    [
      1.075976,
      "a"
    ],
    [
      0.102699,
      "\ban"
    ],
    [
      0.079393,
      "d"
    ],
    [
      0.087579,
      " "
    ],
    [
      0.118212,
      "m"
    ],
    [
      0.118088,
      "a"
    ],
    [
      0.131961,
      "i"
    ],
    [
      0.078091,
      "n"
    ],
    [
      0.121968,
      "t"
    ],
    [
      0.116856,
      "a"
    ],
    [
      0.106048,
      "i"
    ],
    [
      0.064047,
      "n"
    ],
    [
      0.433879,
      "\u001b[?2004l\r\r\n"
    ],
    [
      0.001131,
      "\u001b[1m\u001b[7m%\u001b[27m\u001b[1m\u001b[0m                                                                    \r \r"
    ],
    [
      0.000112,
      "\u001b]2;Esh@Eshins-MacBook-Pro: ~\u0007\u001b]1;~\u0007"
    ],
    [
      4e-05,
      "\u001b]133;C;\u0007"
    ],
    [
      1.2e-05,
      "\u001b]133;D;1\u0007"
    ],
    [
      1e-05,
      "\u001b]1337;RemoteHost=Esh@Eshins-MacBook-Pro.local\u0007\u001b]1337;CurrentDir=/Users/Esh\u0007"
    ],
    [
      0.014758,
      "\r\u001b[0m\u001b[27m\u001b[24m\u001b[J\u001b]133;A\u0007\u001b[33m~\u001b[00m \u001b]133;B\u0007\u001b[K"
    ],
    [
      0.000105,
      "\u001b[?1h\u001b="
    ],
    [
      2e-05,
      "\u001b[?2004h"
    ],
    [
      1.49879,
      "s"
    ],
    [
      0.147228,
      "\bse"
    ],
    [
      0.647905,
      "v"
    ],
    [
      0.119028,
      "e"
    ],
    [
      0.121697,
      "r"
    ],
    [
      0.135368,
      "a"
    ],
    [
      0.122228,
      "l"
    ],
    [
      0.196639,
      " "
    ],
    [
      0.214994,
      "s"
    ],
    [
      0.095033,
      "o"
    ],
    [
      0.113051,
      "f"
    ],
    [
      0.222991,
      "t"
    ],
    [
      0.224935,
      "w"
